{
    "1": {
        "id": "2",
        "abrevJogo": "bf4",
        "curtidas": "22222",
        "nomejogo": "Battlefield 4",
        "Resenha": " H\u00e1 algo especial sobre o tipo de guerra online de Battlefield. A combina\u00e7\u00e3o de combates de infantaria alucinante...",
        "linkJogo": "bf4.php",
        "linkjogoCadastrado": "bf42.php",
        "img": "bf4.jpg",
        "desenvolvedor": "EA",
        "mapas": "Operation Locker, Siege of Shanghai, Dragon Pass, Lumphini Garden, Wave Breaker, Lancang Dam, Altai Range, Hammerhead, Dragon Valley 2015, Propaganda, Flood Zone, Operation Firestorm, racel Storm, Caspian Border, Pearl Market, Zavod 311, Dunken Dragon, Rogue Transmission (Transmiss\u00e3o Pirata), Operation Metro 2014, Silk Road, Operation Mortar, Hangar 21, Giants Of Karelia, Golmud Railway, Lost Islands, Zavod:Graveyard Shift Nansha Strike, Dawnbreaker, Guilin Peaks, Gulf of Oman, Operation Outbreak, Hainan Resort, Operation Whiteout",
        "plataformas": "PC, Xbox One, Xbox 360, PS4 e PS3.",
        "gameplay": "H\u00e1 algo especial sobre o tipo de guerra online de Battlefield. A combina\u00e7\u00e3o de combates de infantaria alucinante e guerra veicular explosiva gera conflitos que s\u00e3o excitantes, tensos e, talvez o mais importante, diversos. Com armas, gadgets e upgrades feitos sob medida para criar uma riqueza de pap\u00e9is de combate, muitas vezes parece que n\u00e3o h\u00e1 fim para as formas gratificantes que voc\u00ea pode contribuir para o esfor\u00e7o de guerra. Esta variedade tem atra\u00eddo os jogadores para os jogos de Battlefield por anos, e no Battlefield 4, est\u00e1 vivo e bem. O multiplayer online \u00e9 uma explos\u00e3o absoluta. Mas o Battlefield \u00e9 mais do que apenas multiplayer atualmente, e a campanha single-player no BF4 tamb\u00e9m tem alguns momentos emocionantes.Expansivo e excitante, desafiador e empoderador, Battlefield 4 \u00e9 um empreendimento emocionante nesta gera\u00e7\u00e3o ou na pr\u00f3xima.",
        "nota": "4,8"
    },
    "2": {
        "id": "3",
        "abrevJogo": "Bs",
        "nomejogo": "Black Squad",
        "curtidas": "12333",
        "Resenha": "Black Squad \u00e9 um jogo de tiro em primeira pessoa militar usando o Unreal Engine...",
        "linkJogo": "bs.php",
        "linkJogoCadastrado": "bs2.php",
        "img": "bs.jpg",
        "desenvolvedor": "NS Studio",
        "mapas": "Brooklyn, Dust Shield, Double Wing, Collection, Carrier, Castle, Paper Company, Two Faced, Old Temple, Outpost, Run and Gun, Checkpoint, Wolf Spider",
        "plataformas": "PC",
        "gameplay": "Black Squad \u00e9 um jogo de tiro em primeira pessoa militar usando o Unreal Engine 3 para mostrar gr\u00e1ficos realistas e visuais din\u00e2micos.",
        "nota": "4,7"
    },
    "3": {
        "id": "4",
        "abrevJogo": "Cross",
        "nomejogo": "Cross Fire",
        "curtidas": "12213",
        "Resenha": " Multiplayer Online, H\u00e1 10 modos de jogo, dentre eles: Modo L\u00e2mina Mortal,Team Death Match (Confronto entre Equip...",
        "linkJogo": "cf.php",
        "linkJogoCadastrado": "cf2.php",
        "img": "cf.jpg",
        "desenvolvedor": "Smilegate Entreteriment.",
        "mapas": "Olho de \u00c1guia, Gr\u00e9cia, M\u00e9xico, Porto, Vi\u00fava Negra 2.0, Vi\u00fava Negra, Centro, Sub Base, Ankara 2.0, Ankara, Minas, Turquia, R\u00e9veillon, Castelo, Hotel, Sat\u00e9lite, Deserto, F\u00e1brica, Espanha, Santoria, Marrocos, Esta\u00e7\u00e3o, Refinaria, Ankara 2.0, Navio sonda, Salvador, Tanques, \u00c1rea Restrita, Liberadade, Sampa.",
        "plataformas": "PC",
        "gameplay": "Multiplayer Online, H\u00e1 10 modos de jogo, dentre eles: Modo L\u00e2mina Mortal,Team Death Match (Confronto entre Equipes), Search & Destroy (Procurar e Destruir), Elimination (Elimina\u00e7\u00e3o), Ghost Mode (Modo Fantasma), Free-for-All (Cada 1 por Si), Mutation Mode (Modo Muta\u00e7\u00e3o), Escape Mode (Fuga), Hero Mode (Modo Her\u00f3i), Zombie Mode (Modo Zumbi) e Wave Mode (Modo Batalha)",
        "nota": "4,5"
    },
    "4": {
        "id": "5",
        "abrevJogo": "cs go",
        "nomejogo": "Counter Strike: Global Offensive",
        "curtidas": "45345",
        "Resenha": "Mate os advers\u00e1rios, plante ou defuse a bomba antes do tempo acabar e ven\u00e7a o jogo.",
        "linkJogo": "csgo.php",
        "linkJogoCadastrado": "csgo2.php",
        "img": "cs.jpg",
        "desenvolvedor": "Valve Corporation",
        "mapas": " Baggage, Lake, Monastery, Safehouse, Shoots, St. Marc, Bank, Lake, Safehouse, Shortdust, Sugarcane, Train, Dizzy, Cobblestone, Inferno, Lake, Rialto, Shortdust, Nuke, Mirage, Cache.",
        "plataformas": "PC, Xbox, PS3",
        "gameplay": "O objetivo do jogador \u00e9 realizar o objetivo de um mapa: desarmar a bomba, resgatar todos os ref\u00e9ns ou matar toda a equipe advers\u00e1ria. O objetivo final do jogo \u00e9 ganhar mais rodadas do que a equipe advers\u00e1ria. Uma vez que os jogadores s\u00e3o mortos, eles n\u00e3o reaparecem at\u00e9 a pr\u00f3xima rodada, embora isso dependa de qual servidor as pessoas jogam.",
        "nota": "4,4"
    },
    "5": {
        "id": "6",
        "abrevJogo": "cs source",
        "nomejogo": "Counter Strike: Source ",
        "curtidas": "34234",
        "Resenha": "O objetivo do jogador \u00e9 realizar o objetivo de um mapa: desarmar a bomba, resgatar todos os ref\u00e9ns ou matar toda a equipe...",
        "linkJogo": "cssrc.php",
        "linkJogoCadastrado": "cssrc2.php",
        "img": "cssrc.jpg",
        "desenvolvedor": " Valve Corporation, Turtle Rock Studios.",
        "mapas": " Baggage, Lake, Monastery, Safehouse, Shoots, St. Marc, Bank, Dust, Dust II, Shortdust, Cobblestone, Inferno, Train, Shorttrain, Assault, Militia, Office, Mirage, Vertigo.",
        "plataformas": "PC",
        "gameplay": "O objetivo do jogador \u00e9 realizar o objetivo de um mapa: desarmar a bomba, resgatar todos os ref\u00e9ns ou matar toda a equipe advers\u00e1ria. O objetivo final do jogo \u00e9 ganhar mais rodadas do que a equipe advers\u00e1ria. Uma vez que os jogadores s\u00e3o mortos, eles n\u00e3o reaparecem at\u00e9 a pr\u00f3xima rodada, embora isso dependa de qual servidor as pessoas jogam.",
        "nota": "4,3"
    },
    "6": {
        "id": "7",
        "abrevJogo": "Farcry",
        "nomejogo": "Far Cry 5",
        "curtidas": "53456",
        "Resenha": "Far Cry 5 conta com inova\u00e7\u00f5es tamb\u00e9m no que diz respeito \u00e0 evolu\u00e7\u00e3o de seu personagem, desde o cumprimento de...",
        "linkJogo": "fc.php",
        "linkJogoCadastrado": "fc2.php",
        "img": "fc.jpg",
        "desenvolvedor": "Ubisoft",
        "mapas": "Modo campanha, onde o jogador explora o mapa completando suas miss\u00f5es, modo online chamado Far Cry Arcade. Nele, voc\u00ea pode se aventurar em mapas criados por outros jogadores com os objetivos mais insanos. \u00c9 poss\u00edvel, por exemplo, ter que eliminar hordas de inimigos que parecem nunca acabar, ou at\u00e9 mesmo cruzar um cen\u00e1rio repleto de plataformas curtas, existe tamb\u00e9m o editor de mapas para o jogador criar seu pr\u00f3prio cen\u00e1rio para jog\u00e1-lo.",
        "plataformas": "PS4, Xbox One e PC.",
        "gameplay": " Far Cry 5 conta com inova\u00e7\u00f5es tamb\u00e9m no que diz respeito \u00e0 evolu\u00e7\u00e3o de seu personagem, desde o cumprimento de miss\u00f5es principais, at\u00e9 tarefas simples, como capturar um urso ou eliminar furtivamente cinco inimigos. As miss\u00f5es paralelas tem uma s\u00e9rie de desafios que resgatam um pouco do que foi apresentado nos t\u00edtulos anteriores. Desde destruir estoques de materiais inimigos, at\u00e9 eliminar toda uma regi\u00e3o repleta de seguidores, h\u00e1 muito o que se fazer no jogo, o que exige cerca de 40 horas ou mais para concluir todas elas.",
        "nota": "4,2"
    },
    "7": {
        "id": "8",
        "abrevJogo": "pb",
        "nomejogo": "Point Blank",
        "curtidas": "72423",
        "Resenha": "O jogo conta com lojas, armas, itens e invent\u00e1rio, onde em cada  partida o jogador recebe uma pequena quantidade de gold...",
        "linkJogo": "pb.php",
        "linkJogoCadastrado": "pb2.php",
        "img": "pb.jpg",
        "desenvolvedor": "Zepetto.",
        "mapas": "Luxville, Burning Hall, Outpost, Port Akaba, Red Rock, Old Library, Mstation, Downtown, Eastern Road, Sentry Base, D-Squad, Storm Tube, Midnight Zone, Breakdown, Saint Mission, Blow City.",
        "plataformas": "PC",
        "gameplay": "O jogo conta com lojas, armas, itens e invent\u00e1rio, onde em cada partida o jogador recebe uma pequena quantidade de gold, a moeda comum do jogo, que \u00e9 razoavelmente influenciada pelos resultados da partida.",
        "nota": "4"
    },
    "8": {
        "id": "9",
        "abrevJogo": "pubg",
        "nomejogo": "PlayerUnknown's Battlegrounds",
        "curtidas": "53423",
        "Resenha": "Jogo no estilo Battle Royale. A ideia \u00e9 inspirada em H1Z1, DayZ e outros games similares, Modo Online de tiro.",
        "linkJogo": "pubg.php",
        "linkJogoCadastrado": "pubg2.php",
        "img": "pubg.jpg",
        "desenvolvedor": " Brendan Greene.",
        "mapas": "Mapa \u00fanico no Modo DeathMatch",
        "plataformas": "PC",
        "gameplay": "Em terceira pessoa, com op\u00e7\u00e3o secund\u00e1ria de vis\u00e3o em primeira pessoa, \u00c9 poss\u00edvel vasculhar casas, pr\u00e9dios, lixeiras e outros pontos do mapa em busca de equipamentos, sejam eles prote\u00e7\u00f5es, armas, muni\u00e7\u00f5es e at\u00e9 mesmo ve\u00edculos, que servem para um deslocamento maior e mais veloz pelo mapa.",
        "nota": "3,9"
    },
    "9": {
        "id": "10",
        "abrevJogo": "r6",
        "nomejogo": "Rainbow Six Siege",
        "curtidas": "42434",
        "Resenha": "Mate os advers\u00e1rios, resgate o ref\u00e9m, plante ou defuse a bomba antes do tempo acabar e ven\u00e7a o jogo.",
        "linkJogo": "r6.php",
        "linkJogoCadastrado": "r62.php",
        "img": "r6.jpg",
        "desenvolvedor": "Ubisoft",
        "mapas": "Arranha C\u00e9u, Favela, Iate, Banco, Canal, Chal\u00e9, Club House, Avi\u00e3o Presidencial, Consulado, Fronteira, Hereford, Kafe Dostoyevsky, Litoral, Oregon, Resid\u00eancia, Theme Park, Tower, U. Barlett",
        "plataformas": "PC, Xbox One, PS4",
        "gameplay": "Tom Clancy's Rainbow Six Siege \u00e9 um jogo de tiro na primeira pessoa t\u00e1ctico, em que os jogadores assumem o papel de um dos membros da equipe Rainbow, uma unidade contra-terrorista. Os membros t\u00eam diferentes nacionalidades, habilidades e equipamentos",
        "nota": "3"
    },
    "10": {
        "id": "11",
        "abrevJogo": "Sniper elite",
        "nomejogo": "Sniper Elite 4",
        "curtidas": "83213",
        "Resenha": " Modo miss\u00e3o principal onde o jogador elimina os advers\u00e1rios , objetivos secund\u00e1rios espalhados pelos mapas.",
        "linkJogo": "se4.php",
        "linkJogoCadastrado": "se42.php",
        "img": "se4.jpg",
        "desenvolvedor": "Rebelliion Developments.",
        "mapas": "Sobre os mapas, eles agora s\u00e3o maiores, permitindo criar ainda mais estrat\u00e9gias. De forma cooperativa ou partindo para o confronto direto, os cen\u00e1rios abertos facilitam na hora de fugir e se esconder, ou at\u00e9 mesmo escalar para buscar uma posi\u00e7\u00e3o melhor para o disparo perfeito.",
        "plataformas": "PC, Xbox One, PS4",
        "gameplay": "Modo miss\u00e3o principal onde o jogador elimina os advers\u00e1rios , objetivos secund\u00e1rios espalhados pelos mapas.",
        "nota": "2,6"
    },
    "11": {
        "id": "12",
        "abrevJogo": "warface",
        "nomejogo": "Warface",
        "curtidas": "73423",
        "Resenha": " Em Warface existem tr\u00eas modos diferentes de jogo, dentre eles: o Modo PVP, ou Player versus Player (jogador contra jogador)...",
        "linkJogo": "wf.php",
        "linkJogoCadastrado": "wf2.php",
        "img": "wf.jpg",
        "desenvolvedor": "Crytek",
        "mapas": "Oil Deport",
        "plataformas": "PC",
        "gameplay": "Em Warface existem tr\u00eas modos diferentes de jogo, dentre eles: o Modo PVP, ou Player versus Player (jogador contra jogador), Coop (cooperativo), e Sobreviv\u00eancia (Maratona mort\u00edfera).",
        "nota": "2"
    }
}